ID,SHOT_RESULT
6707,1
5071,1
10611,1
2489,1
3420,1
9092,1
17383,1
19957,1
19614,1
15634,1
2686,1
1133,1
4976,1
19364,1
3822,1
19854,1
12632,1
18363,1
15966,1
2491,1
6611,1
6958,1
6997,1
6664,1
18146,1
6854,1
8181,1
12304,1
6542,1
18032,1
2355,1
8798,1
629,1
6242,1
9781,1
12297,1
350,1
6881,1
13263,1
2067,1
813,1
11518,1
12330,1
10171,1
8986,1
2631,1
18202,1
9885,1
8069,1
16289,1
10038,1
15568,1
6035,1
11278,1
10891,1
18070,1
14291,1
9364,1
12480,1
18127,1
1165,1
1112,1
6378,1
15723,1
2356,1
8169,1
7458,1
1201,1
7938,1
4006,1
592,1
3130,1
6477,1
4559,1
3962,1
11111,1
18992,1
10665,1
12483,1
8167,1
8553,1
14706,1
3688,1
6886,1
10670,1
1033,1
3180,1
13121,1
10065,1
1353,1
8485,1
89,1
8613,1
10006,1
1031,1
11002,1
2244,1
12532,1
20095,1
3123,1
12838,1
17649,1
1930,1
14348,1
1218,1
9742,1
8209,1
17184,1
1811,1
10174,1
11273,1
2740,1
2166,1
16243,1
11913,1
10203,1
19238,1
19130,1
8326,1
2429,1
19493,1
2182,1
17457,1
20113,1
12824,1
2246,1
17871,1
19402,1
12179,1
16810,1
7538,1
512,1
15962,1
15434,1
16679,1
9471,1
3749,1
8386,1
3757,1
8499,1
9898,1
2938,1
15219,1
13621,1
3852,1
11299,1
4173,1
16610,1
9968,1
16004,1
12754,1
6088,1
19265,1
18385,1
16339,1
14696,1
13539,1
6093,1
13833,1
18685,1
18007,1
14113,1
18344,1
11822,1
11667,1
17696,1
12216,1
12433,1
10774,1
19436,1
3258,1
6487,1
5658,1
18738,1
16920,1
16877,1
13506,1
12490,1
20260,1
3295,1
14263,1
17617,1
14144,1
186,1
5919,1
13252,1
3951,1
8914,1
2484,1
20060,1
4573,1
13504,1
5200,1
1308,1
8903,1
9264,1
6082,1
7015,1
19036,1
14943,1
808,1
7216,1
6114,1
13743,1
7041,1
14012,1
5363,1
18224,1
4470,1
7026,1
12231,1
18110,1
20002,1
13593,1
347,1
2738,1
12396,1
3759,1
10714,1
7330,1
11757,1
10679,1
7692,1
757,1
4977,1
11838,1
6996,1
16359,1
20057,1
2177,1
4835,1
2709,1
17587,1
9673,1
13764,1
7153,1
7235,1
14247,1
8776,1
9256,1
15119,1
13945,1
1138,1
16587,1
13782,1
3827,1
15103,1
15254,1
19828,1
10449,1
14164,1
6095,1
19595,1
4773,1
10940,1
2851,1
19491,1
14652,1
340,1
1196,1
14510,1
12992,1
12891,1
11821,1
16705,1
1063,1
18639,1
13955,1
4365,1
5560,1
4988,1
6326,1
17482,1
8132,1
7527,1
4054,1
8072,1
18108,1
20220,1
3045,1
1881,1
11766,1
6283,1
12280,1
6223,1
18733,1
11618,1
6185,1
5632,1
6008,1
3651,1
7583,1
13524,1
8615,1
3933,1
19687,1
10526,1
11051,1
17019,1
12800,1
5541,1
15464,1
18082,1
9034,1
75,1
880,1
10186,1
5339,1
19632,1
8202,1
846,1
13296,1
2460,1
17478,1
14841,1
4983,1
439,1
1324,1
950,1
5708,1
386,1
8274,1
9897,1
3035,1
6620,1
5489,1
2751,1
14082,1
8684,1
3320,1
14156,1
2462,1
19948,1
211,1
5105,1
7478,1
15412,1
18838,1
10657,1
6284,1
16160,1
15794,1
16773,1
15070,1
8546,1
10287,1
7811,1
17878,1
8744,1
15920,1
15732,1
7031,1
10025,1
15340,1
14272,1
13734,1
1010,1
19930,1
3882,1
14798,1
6133,1
6591,1
339,1
17976,1
3052,1
541,1
3168,1
4853,1
18016,1
20252,1
10911,1
14547,1
12187,1
1188,1
11786,1
9094,1
9714,1
6066,1
8929,1
10662,1
874,1
19645,1
14071,1
5450,1
14857,1
7451,1
19538,1
685,1
7714,1
17232,1
17154,1
3574,1
10896,1
1217,1
9638,1
275,1
13641,1
10169,1
11390,1
12338,1
1465,1
20029,1
12691,1
8797,1
13349,1
2752,1
7222,1
3309,1
14907,1
7250,1
11093,1
8112,1
3548,1
864,1
3849,1
15043,1
12791,1
14781,1
14296,1
9159,1
18447,1
17317,1
20023,1
20033,1
15324,1
16183,1
7131,1
18869,1
1318,1
7842,1
8505,1
4342,1
12763,1
1169,1
12213,1
1788,1
19754,1
12969,1
10145,1
9775,1
2555,1
13231,1
3263,1
11037,1
8434,1
8507,1
1119,1
4474,1
6698,1
2885,1
19182,1
15039,1
13528,1
4567,1
2862,1
5524,1
3368,1
14644,1
17632,1
17113,1
18772,1
15868,1
9456,1
2345,1
56,1
13702,1
7536,1
11128,1
14351,1
2727,1
13272,1
437,1
19797,1
18914,1
3793,1
9809,1
4363,1
1994,1
14675,1
18006,1
1286,1
19409,1
3667,1
8603,1
3459,1
8006,1
8948,1
18251,1
17618,1
359,1
5112,1
19281,1
4275,1
11548,1
3114,1
20282,1
6989,1
14724,1
2238,1
17013,1
6800,1
2626,1
12164,1
13306,1
4031,1
7509,1
18454,1
3954,1
15224,1
15293,1
12223,1
7633,1
14370,1
17441,1
4619,1
13656,1
10143,1
8149,1
16182,1
3381,1
6764,1
15858,1
20254,1
17896,1
19334,1
6682,1
20001,1
14991,1
5055,1
16223,1
18549,1
10701,1
13382,1
7476,1
1484,1
12065,1
12402,1
11477,1
11744,1
2604,1
19067,1
10741,1
9253,1
10283,1
11656,1
13385,1
1604,1
13081,1
14990,1
13413,1
14070,1
14586,1
450,1
912,1
12668,1
1779,1
5142,1
13958,1
17026,1
7368,1
5866,1
5764,1
20124,1
15878,1
10617,1
17913,1
18670,1
4056,1
11315,1
2961,1
6417,1
11438,1
20248,1
17859,1
8742,1
14021,1
19104,1
20083,1
19342,1
768,1
9066,1
8140,1
6421,1
17275,1
19077,1
2245,1
7983,1
252,1
8804,1
6510,1
1247,1
3744,1
1404,1
18343,1
8736,1
19039,1
9370,1
9198,1
8117,1
965,1
1173,1
11643,1
7116,1
19146,1
13085,1
18758,1
6032,1
2428,1
19183,1
15693,1
11984,1
7193,1
9352,1
7252,1
3145,1
141,1
16605,1
15853,1
19451,1
14507,1
18433,1
13400,1
3755,1
15747,1
6038,1
18176,1
17040,1
3218,1
3139,1
16949,1
14211,1
2816,1
12468,1
15221,1
16851,1
15528,1
16051,1
4276,1
17821,1
10344,1
5522,1
4561,1
3579,1
9079,1
5096,1
3094,1
4180,1
18913,1
7145,1
1657,1
2671,1
20004,1
11168,1
11526,1
14704,1
13361,1
4044,1
4146,1
12840,1
10415,1
3265,1
13132,1
5290,1
11408,1
8709,1
11899,1
7659,1
9903,1
14983,1
9194,1
19879,1
885,1
4973,1
9945,1
1756,1
1105,1
17613,1
462,1
1417,1
8931,1
13149,1
5327,1
17049,1
12841,1
18090,1
13438,1
17879,1
9219,1
8753,1
42,1
4950,1
1817,1
19392,1
14834,1
956,1
10007,1
3796,1
5842,1
9613,1
9825,1
9894,1
4270,1
13445,1
4169,1
15933,1
7707,1
9154,1
72,1
4117,1
8014,1
4723,1
19856,1
7339,1
19374,1
9862,1
1287,1
16518,1
382,1
8412,1
17146,1
11846,1
12890,1
8598,1
40,1
2329,1
18287,1
18571,1
9123,1
14262,1
13599,1
3288,1
5912,1
8698,1
12946,1
19746,1
16060,1
12927,1
13636,1
5138,1
18751,1
18249,1
12907,1
19710,1
3650,1
1191,1
6669,1
10960,1
7695,1
3041,1
2939,1
4991,1
2068,1
6441,1
4122,1
13654,1
949,1
8513,1
6235,1
14962,1
12194,1
9604,1
8450,1
4611,1
14716,1
16224,1
14518,1
8269,1
10744,1
19615,1
2985,1
13312,1
11733,1
18323,1
14281,1
6014,1
11525,1
17339,1
8481,1
14044,1
8296,1
4884,1
17563,1
19852,1
13099,1
8519,1
10428,1
5836,1
10073,1
13565,1
3157,1
4350,1
14117,1
14607,1
1368,1
2007,1
475,1
11495,1
9151,1
18380,1
5694,1
9107,1
11316,1
13801,1
18107,1
984,1
18681,1
2227,1
4490,1
14879,1
9877,1
11635,1
13677,1
16230,1
16203,1
9179,1
1506,1
11472,1
10049,1
7214,1
16701,1
6818,1
16022,1
10391,1
5562,1
10875,1
12675,1
12182,1
9507,1
14951,1
306,1
146,1
17856,1
11277,1
9618,1
9505,1
7030,1
12796,1
18279,1
2317,1
4005,1
1323,1
1261,1
18463,1
13153,1
14621,1
18192,1
9042,1
7568,1
4714,1
19522,1
19695,1
2973,1
18895,1
1378,1
13010,1
8747,1
4086,1
16083,1
6633,1
10747,1
8073,1
2195,1
9562,1
434,1
524,1
3034,1
17376,1
16839,1
903,1
6330,1
2146,1
16729,1
20185,1
4157,1
3464,1
12521,1
3752,1
4385,1
1976,1
4625,1
17578,1
402,1
6621,1
5206,1
10096,1
11484,1
12119,1
13265,1
14659,1
7689,1
16341,1
4486,1
9150,1
11474,1
17107,1
16372,1
12416,1
2148,1
7967,1
14820,1
12537,1
17512,1
8967,1
6394,1
10165,1
4252,1
7328,1
18904,1
13587,1
13692,1
18865,1
9330,1
10779,1
12755,1
13501,1
16939,1
5018,1
13401,1
5161,1
18954,1
13323,1
4123,1
2534,1
17714,1
14041,1
17163,1
15974,1
1560,1
3358,1
19455,1
19330,1
19503,1
12118,1
19706,1
19222,1
16046,1
8672,1
2251,1
16889,1
9186,1
17594,1
17782,1
17414,1
12077,1
11641,1
10309,1
6238,1
17865,1
6794,1
8726,1
10132,1
18042,1
8320,1
9572,1
11874,1
16282,1
13264,1
4689,1
15627,1
7411,1
13541,1
8763,1
7285,1
12550,1
2153,1
5250,1
2990,1
9928,1
15115,1
6370,1
18356,1
19347,1
5033,1
17375,1
10683,1
5317,1
5008,1
19079,1
2835,1
4459,1
3985,1
5888,1
4344,1
2373,1
10219,1
13033,1
1462,1
11701,1
2304,1
5415,1
3904,1
9152,1
646,1
12782,1
13790,1
18556,1
14920,1
1855,1
12954,1
7847,1
3877,1
4538,1
4915,1
15467,1
12004,1
20209,1
12206,1
19024,1
16454,1
11560,1
19062,1
1620,1
10853,1
405,1
13925,1
10371,1
16880,1
2977,1
47,1
3512,1
9636,1
4553,1
15398,1
11057,1
6152,1
7313,1
5974,1
12063,1
5361,1
7542,1
16396,1
1028,1
4919,1
1170,1
14526,1
11762,1
19214,1
14584,1
10164,1
16451,1
2032,1
8907,1
1334,1
12395,1
16647,1
9684,1
19662,1
9731,1
13934,1
14417,1
16390,1
5654,1
20224,1
9165,1
12501,1
15474,1
2229,1
17547,1
12414,1
19694,1
7654,1
6153,1
16116,1
13024,1
3399,1
5398,1
1365,1
15607,1
18446,1
5985,1
5091,1
63,1
15099,1
19149,1
16531,1
13812,1
7037,1
16447,1
18517,1
11180,1
10633,1
11441,1
6640,1
5342,1
16957,1
15489,1
1751,1
11926,1
14793,1
19592,1
18730,1
3047,1
11889,1
2955,1
13052,1
15669,1
10778,1
19596,1
18157,1
14933,1
1541,1
1468,1
16288,1
13416,1
13698,1
4678,1
8969,1
12776,1
5841,1
1969,1
8844,1
19375,1
11170,1
11459,1
4063,1
13638,1
992,1
9226,1
17191,1
9255,1
19848,1
6870,1
18427,1
13369,1
14269,1
3746,1
1991,1
16237,1
759,1
5641,1
8223,1
4070,1
11081,1
18301,1
13487,1
1911,1
1555,1
13978,1
12696,1
19751,1
4194,1
7403,1
13982,1
19381,1
20270,1
13366,1
14196,1
19650,1
16488,1
6164,1
7269,1
10093,1
5855,1
5026,1
3623,1
2313,1
6860,1
13780,1
4376,1
6388,1
8847,1
10718,1
15035,1
201,1
17902,1
10859,1
8739,1
8960,1
11436,1
8711,1
23,1
10513,1
18696,1
9176,1
529,1
558,1
8248,1
12692,1
13163,1
10324,1
5012,1
16532,1
18144,1
1122,1
10916,1
12683,1
8893,1
19780,1
11116,1
3850,1
1500,1
6369,1
8735,1
423,1
247,1
17051,1
16815,1
18991,1
470,1
16669,1
11761,1
2030,1
7487,1
8115,1
18574,1
8024,1
1007,1
20042,1
12542,1
16086,1
17485,1
6768,1
12651,1
16054,1
10942,1
320,1
16753,1
7721,1
18540,1
17842,1
6865,1
10474,1
13341,1
19042,1
17761,1
18934,1
4978,1
3371,1
17881,1
15733,1
6305,1
13130,1
17435,1
7529,1
18907,1
7675,1
15915,1
14080,1
8811,1
16111,1
6478,1
9248,1
16378,1
5801,1
8756,1
17508,1
20107,1
713,1
14063,1
13480,1
872,1
9805,1
406,1
13463,1
19143,1
1567,1
17545,1
9347,1
3059,1
3468,1
3532,1
15571,1
7840,1
16547,1
18593,1
4807,1
19658,1
18077,1
16936,1
9246,1
19359,1
16228,1
2308,1
12293,1
18281,1
19056,1
7724,1
514,1
18874,1
9962,1
15679,1
15048,1
1961,1
13687,1
8475,1
12650,1
9415,1
5394,1
10827,1
13878,1
16794,1
13044,1
18764,1
4724,1
14243,1
14393,1
16829,1
13423,1
19313,1
7254,1
8444,1
9093,1
8620,1
9362,1
19470,1
18130,1
18462,1
4704,1
10620,1
7473,1
7109,1
4028,1
7793,1
3396,1
18300,1
5937,1
5449,1
16389,1
6581,1
1003,1
2655,1
13321,1
20066,1
11412,1
14373,1
12076,1
19541,1
17189,1
1159,1
16279,1
13068,1
19013,1
6742,1
12565,1
18212,1
17008,1
17521,1
2396,1
12129,1
331,1
16563,1
8452,1
6702,1
2031,1
11863,1
12332,1
9304,1
10238,1
14407,1
11102,1
790,1
2633,1
11092,1
8754,1
19252,1
19762,1
1256,1
13309,1
10995,1
16996,1
12612,1
8585,1
924,1
19305,1
12309,1
4503,1
6846,1
10686,1
4433,1
8665,1
18922,1
13910,1
7632,1
2425,1
9496,1
10900,1
11156,1
12171,1
9126,1
12703,1
5061,1
2756,1
7226,1
16674,1
18063,1
16925,1
7751,1
6398,1
16394,1
5580,1
3050,1
15156,1
9303,1
2015,1
8595,1
4592,1
2333,1
8687,1
5728,1
1069,1
5242,1
1519,1
1921,1
783,1
2443,1
926,1
15455,1
8038,1
5301,1
14072,1
11653,1
10142,1
12961,1
14495,1
16591,1
12953,1
14535,1
19624,1
3407,1
13171,1
5983,1
13943,1
12709,1
8324,1
5605,1
15399,1
13829,1
13950,1
8359,1
971,1
14665,1
12908,1
19785,1
6913,1
16428,1
9411,1
8990,1
16400,1
3731,1
4283,1
311,1
18599,1
4972,1
19421,1
7677,1
2995,1
2423,1
14259,1
10431,1
17322,1
16504,1
603,1
13719,1
16891,1
10332,1
1785,1
12861,1
6555,1
10549,1
11957,1
7986,1
19294,1
8704,1
15314,1
12528,1
6385,1
10868,1
15338,1
7864,1
1024,1
17932,1
13039,1
9356,1
6060,1
3182,1
576,1
1904,1
18019,1
19820,1
14505,1
10886,1
264,1
19707,1
11636,1
9,1
10971,1
7638,1
19570,1
12108,1
6615,1
17363,1
4339,1
16508,1
13557,1
18537,1
3939,1
6576,1
2612,1
4255,1
448,1
15538,1
15742,1
5634,1
14301,1
8889,1
19474,1
19485,1
7043,1
13996,1
19961,1
15877,1
8691,1
699,1
7622,1
18714,1
3802,1
12358,1
10264,1
5152,1
14976,1
3701,1
14859,1
1423,1
13581,1
6518,1
7173,1
12068,1
19082,1
17793,1
16901,1
245,1
18357,1
12611,1
17874,1
15960,1
3360,1
2200,1
5737,1
3327,1
13367,1
5314,1
11647,1
10874,1
2256,1
12348,1
1955,1
15212,1
11247,1
9014,1
466,1
1755,1
3385,1
17664,1
2704,1
6218,1
10124,1
14441,1
12735,1
19275,1
10735,1
7372,1
4908,1
8025,1
8268,1
19814,1
4907,1
10104,1
16349,1
18778,1
14672,1
9290,1
6053,1
10575,1
3855,1
10270,1
8810,1
14556,1
676,1
19110,1
17352,1
16631,1
15718,1
18438,1
604,1
9608,1
9997,1
5452,1
1424,1
8159,1
11968,1
15647,1
8141,1
14360,1
19179,1
17924,1
3079,1
10604,1
313,1
17205,1
10119,1
13134,1
11898,1
1199,1
14359,1
4952,1
18159,1
7077,1
6245,1
14729,1
9158,1
5239,1
14283,1
2263,1
13126,1
14149,1
19373,1
17220,1
19950,1
10434,1
10992,1
11425,1
14294,1
13143,1
49,1
17699,1
6453,1
16153,1
13740,1
7399,1
4462,1
1674,1
4738,1
12195,1
11074,1
803,1
16680,1
15037,1
11673,1
20145,1
12846,1
13825,1
9051,1
7750,1
2362,1
8977,1
19277,1
17685,1
19891,1
11963,1
9098,1
6755,1
14419,1
14087,1
11319,1
16295,1
10121,1
8789,1
14028,1
19390,1
1813,1
1079,1
16712,1
9337,1
11858,1
3864,1
15026,1
17290,1
6432,1
3786,1
731,1
18960,1
962,1
14004,1
11862,1
14033,1
8493,1
17729,1
2545,1
16314,1
5631,1
11272,1
17152,1
14480,1
4092,1
2405,1
8639,1
4251,1
19981,1
5770,1
11875,1
4603,1
5576,1
1099,1
19190,1
4367,1
979,1
6205,1
5854,1
9939,1
18377,1
4094,1
7268,1
11947,1
8716,1
7826,1
8467,1
10058,1
5661,1
10587,1
14858,1
8051,1
4247,1
5456,1
1178,1
7185,1
6232,1
15014,1
7680,1
12566,1
4745,1
9916,1
1544,1
5851,1
2659,1
9799,1
20035,1
3064,1
16728,1
15290,1
18259,1
13854,1
16817,1
7291,1
15008,1
1584,1
2024,1
15931,1
11609,1
9277,1
13255,1
5417,1
7603,1
3195,1
9682,1
7761,1
2601,1
9542,1
8199,1
14666,1
163,1
19208,1
3124,1
8155,1
5180,1
15780,1
1591,1
11450,1
8151,1
18141,1
13904,1
5956,1
5655,1
1348,1
17200,1
7404,1
19131,1
13849,1
12448,1
16687,1
10787,1
2290,1
16241,1
8093,1
10932,1
12552,1
7670,1
19976,1
11788,1
18248,1
14179,1
19264,1
18379,1
430,1
17784,1
11059,1
14438,1
15494,1
3377,1
2967,1
18303,1
849,1
1401,1
13484,1
19925,1
8858,1
2537,1
15640,1
3751,1
358,1
16432,1
18198,1
17293,1
3454,1
7089,1
2911,1
10438,1
1208,1
12663,1
16550,1
5205,1
13979,1
9284,1
6165,1
1260,1
1267,1
19271,1
2943,1
15446,1
1722,1
5884,1
14387,1
12556,1
19199,1
7400,1
6551,1
2374,1
12497,1
5626,1
19068,1
3995,1
18993,1
10817,1
6116,1
17621,1
12965,1
17098,1
10706,1
11227,1
15852,1
16630,1
19256,1
4211,1
20072,1
10671,1
6561,1
20105,1
2295,1
19118,1
10191,1
12313,1
4843,1
15086,1
18124,1
7739,1
4932,1
13136,1
18910,1
11989,1
9317,1
5130,1
19620,1
2755,1
20152,1
5643,1
17565,1
3924,1
17054,1
10909,1
10501,1
7113,1
3805,1
9049,1
10476,1
4805,1
15015,1
7547,1
10626,1
20176,1
11682,1
18623,1
10003,1
10607,1
4458,1
10409,1
2279,1
15584,1
563,1
2844,1
7735,1
9518,1
14660,1
12246,1
15117,1
17658,1
17287,1
10459,1
12828,1
5082,1
9210,1
12753,1
12311,1
18819,1
4733,1
20198,1
3117,1
18903,1
12452,1
2639,1
4680,1
16981,1
2622,1
12176,1
10748,1
5272,1
17273,1
12439,1
7277,1
6213,1
13146,1
8336,1
7663,1
8644,1
13517,1
13857,1
7597,1
11704,1
17762,1
12567,1
6925,1
19422,1
14512,1
2828,1
19489,1
1719,1
5057,1
17385,1
1865,1
2856,1
13588,1
15688,1
14208,1
15006,1
18901,1
15540,1
12744,1
3341,1
1017,1
19802,1
17340,1
19871,1
18087,1
14891,1
2197,1
1600,1
3230,1
10582,1
9806,1
13944,1
10015,1
8947,1
8086,1
1893,1
19681,1
7289,1
1815,1
4801,1
15016,1
7725,1
882,1
16775,1
19873,1
3521,1
15996,1
5341,1
16455,1
18813,1
19591,1
2760,1
1665,1
9978,1
784,1
4526,1
14709,1
16184,1
196,1
12988,1
12849,1
3076,1
3845,1
9001,1
15886,1
7165,1
2519,1
3067,1
6617,1
11881,1
1515,1
6629,1
189,1
327,1
11114,1
14193,1
1790,1
11697,1
16759,1
14770,1
8619,1
16907,1
8582,1
17223,1
598,1
8071,1
4491,1
10729,1
13188,1
11664,1
17328,1
3715,1
7488,1
7696,1
8922,1
17099,1
1837,1
15613,1
18707,1
15130,1
15801,1
2418,1
12193,1
6366,1
15708,1
7360,1
15256,1
16832,1
6084,1
12957,1
6499,1
7056,1
3609,1
3398,1
9052,1
19261,1
7681,1
2630,1
19351,1
11785,1
4598,1
9025,1
11161,1
8059,1
4090,1
3344,1
3027,1
739,1
14234,1
15892,1
17033,1
9768,1
4320,1
13287,1
5486,1
12426,1
15709,1
8699,1
14630,1
328,1
9937,1
8664,1
5945,1
17224,1
19240,1
829,1
5154,1
18964,1
15158,1
1711,1
4018,1
15318,1
17864,1
18374,1
15686,1
15040,1
18312,1
12995,1
15291,1
17353,1
9314,1
15522,1
2600,1
7421,1
4153,1
2580,1
11683,1
8689,1
6784,1
11690,1
8567,1
5420,1
1819,1
10577,1
17393,1
11314,1
8559,1
19737,1
12795,1
20239,1
7561,1
6785,1
4229,1
18628,1
12661,1
13148,1
19456,1
4099,1
7830,1
4965,1
15057,1
3969,1
19598,1
11917,1
11221,1
10829,1
17624,1
14528,1
19827,1
793,1
13037,1
6995,1
4855,1
1645,1
16900,1
19443,1
9991,1
14079,1
4308,1
19180,1
10627,1
11235,1
18459,1
6151,1
15502,1
19510,1
16459,1
12757,1
2706,1
12047,1
11268,1
2640,1
1172,1
6167,1
2456,1
9205,1
10272,1
1818,1
12037,1
4753,1
451,1
1714,1
20109,1
7765,1
679,1
2415,1
1441,1
8294,1
18054,1
5847,1
4956,1
8318,1
19166,1
5740,1
2487,1
6296,1
13432,1
5410,1
18754,1
19519,1
18263,1
19053,1
14923,1
370,1
15427,1
7202,1
20194,1
19113,1
19483,1
15248,1
19136,1
14422,1
12578,1
9288,1
10223,1
7521,1
6666,1
11632,1
13358,1
262,1
2552,1
1029,1
10341,1
13665,1
774,1
18788,1
13215,1
16721,1
13216,1
19806,1
18428,1
15315,1
9558,1
5397,1
14241,1
15447,1
3522,1
3313,1
6884,1
15428,1
6159,1
6251,1
14818,1
12070,1
7726,1
2701,1
18797,1
2250,1
9864,1
133,1
17095,1
385,1
11579,1
4080,1
18378,1
4953,1
4885,1
7588,1
9211,1
12299,1
20174,1
4465,1
7308,1
7432,1
1117,1
10552,1
633,1
2189,1
10020,1
18629,1
18361,1
15116,1
279,1
27,1
7856,1
14753,1
19040,1
5469,1
14426,1
14513,1
11487,1
3724,1
118,1
2875,1
7717,1
4190,1
6381,1
3964,1
771,1
19135,1
17812,1
14081,1
1346,1
1725,1
5414,1
17882,1
1438,1
17804,1
16132,1
873,1
6058,1
7801,1
14579,1
8591,1
3372,1
17633,1
17203,1
10043,1
8645,1
16758,1
18837,1
16251,1
1407,1
953,1
5407,1
14828,1
18211,1
8712,1
14379,1
2321,1
8417,1
5754,1
7378,1
2596,1
13355,1
7462,1
131,1
3275,1
18543,1
6333,1
2106,1
1227,1
7657,1
19556,1
3462,1
2944,1
2936,1
2841,1
9996,1
10964,1
330,1
9873,1
17270,1
8420,1
12964,1
7786,1
11368,1
10068,1
18145,1
14458,1
459,1
649,1
2672,1
224,1
5845,1
10252,1
4527,1
14215,1
12260,1
12489,1
917,1
9335,1
1075,1
16471,1
12349,1
18602,1
6867,1
10703,1
10221,1
9301,1
13475,1
7227,1
4693,1
7147,1
19969,1
18785,1
9310,1
3291,1
10275,1
18810,1
7337,1
4296,1
208,1
3640,1
12258,1
13807,1
12971,1
5650,1
7855,1
4707,1
299,1
8013,1
9265,1
7907,1
3993,1
3947,1
9308,1
16435,1
8454,1
8411,1
10495,1
3125,1
9321,1
18333,1
130,1
19250,1
13032,1
18684,1
17036,1
319,1
17369,1
1302,1
11383,1
3488,1
74,1
15842,1
363,1
6097,1
12197,1
1917,1
9621,1
18147,1
14069,1
5627,1
11378,1
15349,1
14475,1
5928,1
5549,1
944,1
19998,1
19722,1
17701,1
20012,1
5802,1
4061,1
10697,1
4354,1
12352,1
18067,1
17238,1
18821,1
7303,1
5216,1
6501,1
12644,1
6252,1
17546,1
18449,1
10568,1
11517,1
5427,1
12741,1
13483,1
3703,1
8561,1
3325,1
12999,1
18873,1
5118,1
10947,1
4201,1
749,1
6270,1
13204,1
19128,1
13233,1
10751,1
12345,1
12837,1
11158,1
11645,1
19318,1
5720,1
17216,1
1963,1
15643,1
19506,1
13282,1
675,1
7965,1
10070,1
11513,1
19743,1
19990,1
3475,1
12898,1
12361,1
17720,1
11147,1
10517,1
11377,1
3463,1
18552,1
760,1
3559,1
3248,1
12379,1
11264,1
19326,1
15629,1
19842,1
233,1
9517,1
10302,1
4216,1
4622,1
19721,1
15681,1
12873,1
3370,1
934,1
4785,1
17732,1
361,1
11768,1
5243,1
8234,1
6795,1
15626,1
4243,1
5404,1
6107,1
10033,1
8286,1
19245,1
788,1
4755,1
13785,1
15498,1
1366,1
9920,1
13630,1
13966,1
9547,1
4662,1
13472,1
11544,1
17370,1
12132,1
13234,1
15760,1
1174,1
19080,1
5625,1
9320,1
12631,1
4936,1
14278,1
15811,1
7868,1
13011,1
8285,1
17516,1
20223,1
18052,1
8787,1
709,1
9392,1
14883,1
13206,1
18900,1
7608,1
10602,1
1421,1
4500,1
13727,1
1281,1
1553,1
10042,1
2951,1
3408,1
14337,1
4388,1
15499,1
18079,1
11066,1
7452,1
13014,1
13203,1
4997,1
2214,1
10394,1
14752,1
1979,1
15958,1
143,1
15197,1
19942,1
5954,1
6950,1
3428,1
18451,1
2591,1
8043,1
11165,1
4889,1
20049,1
11340,1
7290,1
11187,1
16319,1
8998,1
15424,1
15663,1
4569,1
10077,1
13403,1
15782,1
3435,1
11736,1
19561,1
20236,1
9786,1
4404,1
8362,1
14195,1
1150,1
11219,1
10695,1
16836,1
8221,1
8534,1
1703,1
19289,1
309,1
14409,1
13774,1
19587,1
20264,1
9660,1
9217,1
16195,1
17312,1
19117,1
18849,1
8835,1
9222,1
12587,1
8674,1
15226,1
3436,1
12316,1
1902,1
8357,1
18060,1
12226,1
15783,1
16915,1
18855,1
9413,1
9749,1
12285,1
8031,1
9422,1
5767,1
11531,1
9467,1
13603,1
9698,1
9435,1
6468,1
13564,1
19945,1
1501,1
3163,1
19765,1
17397,1
1480,1
6212,1
17424,1
3307,1
3927,1
5853,1
6163,1
16374,1
994,1
4134,1
4862,1
16249,1
15182,1
19517,1
16351,1
15660,1
15929,1
10278,1
8188,1
2638,1
7504,1
13694,1
5515,1
4955,1
4422,1
7531,1
3121,1
15414,1
5424,1
12666,1
3754,1
3561,1
3606,1
19819,1
3080,1
2665,1
16627,1
4210,1
4223,1
13605,1
18555,1
10987,1
5633,1
4405,1
8261,1
8489,1
7887,1
17183,1
11399,1
14588,1
850,1
17062,1
17798,1
5492,1
2530,1
17919,1
4638,1
2728,1
2849,1
9128,1
4093,1
4034,1
7042,1
17940,1
3583,1
3772,1
6554,1
20201,1
5306,1
7493,1
17176,1
6899,1
11731,1
3865,1
3518,1
17598,1
5135,1
6539,1
5867,1
10102,1
6149,1
10031,1
9631,1
12866,1
10217,1
2403,1
8772,1
11593,1
15601,1
18194,1
13364,1
14185,1
18162,1
2118,1
1343,1
3485,1
15344,1
10141,1
15167,1
9501,1
3440,1
15854,1
12863,1
16905,1
6963,1
17212,1
16193,1
2950,1
12767,1
5249,1
12211,1
3560,1
19191,1
10586,1
6022,1
5182,1
11286,1
19870,1
17675,1
9023,1
11662,1
6282,1
17484,1
3422,1
15074,1
9115,1
3330,1
8195,1
6829,1
13249,1
15916,1
10249,1
4193,1
6,1
6724,1
17901,1
6313,1
5175,1
10050,1
11014,1
2011,1
16724,1
2504,1
9830,1
17806,1
15807,1
2620,1
3450,1
18490,1
854,1
10789,1
1512,1
14209,1
7102,1
15725,1
18220,1
13776,1
4129,1
12185,1
12530,1
13310,1
4332,1
8805,1
19400,1
4641,1
6536,1
19972,1
15821,1
14676,1
3952,1
11171,1
3417,1
7090,1
13951,1
14942,1
15220,1
2554,1
8692,1
9013,1
1849,1
11225,1
15228,1
8580,1
13284,1
15972,1
689,1
554,1
19980,1
11120,1
6241,1
19,1
15409,1
618,1
15519,1
12472,1
8671,1
18225,1
6300,1
11514,1
10178,1
5525,1
18183,1
19172,1
3433,1
18566,1
15792,1
9221,1
10334,1
4143,1
3021,1
4612,1
7003,1
15153,1
838,1
10991,1
11772,1
8781,1
9641,1
9348,1
9804,1
9912,1
16937,1
100,1
5614,1
8079,1
30,1
6172,1
17181,1
4849,1
10305,1
14932,1
480,1
9412,1
13345,1
15844,1
13616,1
5079,1
5338,1
455,1
8556,1
17342,1
6570,1
5098,1
11285,1
6603,1
8550,1
3998,1
16696,1
2715,1
19779,1
7980,1
10000,1
15661,1
9926,1
7957,1
3714,1
19643,1
11581,1
14133,1
9393,1
2371,1
5865,1
14400,1
5109,1
9071,1
6507,1
11775,1
15755,1
12943,1
8740,1
884,1
6934,1
9234,1
11642,1
2145,1
7283,1
15396,1
3146,1
5204,1
19671,1
19379,1
8516,1
18469,1
8885,1
5255,1
9283,1
15548,1
13371,1
4878,1
1648,1
10316,1
1380,1
8401,1
7859,1
14270,1
6550,1
9976,1
4419,1
12715,1
5488,1
13041,1
12053,1
18210,1
3400,1
4479,1
6358,1
3227,1
449,1
11712,1
17422,1
14916,1
5714,1
17329,1
11410,1
1957,1
10659,1
7709,1
16781,1
15949,1
14183,1
5966,1
82,1
15971,1
12879,1
8978,1
6324,1
12746,1
8142,1
1189,1
11494,1
17750,1
18718,1
15383,1
10253,1
19788,1
18820,1
7429,1
16122,1
19151,1
19844,1
18539,1
8714,1
18128,1
17550,1
17452,1
10436,1
2021,1
14431,1
7346,1
8367,1
13314,1
291,1
1642,1
9661,1
15625,1
19091,1
9021,1
13520,1
7810,1
16952,1
9540,1
13941,1
3252,1
10231,1
15724,1
13965,1
15422,1
9648,1
3718,1
17610,1
8540,1
7184,1
2202,1
4303,1
8731,1
6458,1
15133,1
17022,1
17372,1
9891,1
46,1
1903,1
17084,1
6090,1
14158,1
525,1
19255,1
16321,1
2717,1
10721,1
195,1
16260,1
3150,1
5212,1
13192,1
6731,1
1824,1
16205,1
10241,1
14354,1
15137,1
4568,1
297,1
1363,1
6387,1
13853,1
18030,1
957,1
19735,1
976,1
4397,1
9363,1
5247,1
19894,1
8685,1
19165,1
17470,1
11943,1
17199,1
18050,1
16226,1
10653,1
68,1
14741,1
20045,1
16492,1
5667,1
751,1
9466,1
13492,1
1826,1
4403,1
3842,1
8793,1
4285,1
6479,1
10641,1
3473,1
7471,1
10528,1
228,1
3940,1
15274,1
499,1
7701,1
7221,1
15616,1
6169,1
936,1
17769,1
5914,1
11486,1
10750,1
7119,1
8443,1
7668,1
19362,1
17101,1
1841,1
18071,1
14199,1
1429,1
11734,1
3498,1
12751,1
12627,1
1796,1
19907,1
6940,1
9875,1
4799,1
19344,1
8004,1
10804,1
383,1
19137,1
1800,1
11888,1
5923,1
5259,1
12328,1
6102,1
10199,1
8227,1
16187,1
3012,1
17131,1
18557,1
5497,1
9528,1
6804,1
3279,1
16854,1
17496,1
14152,1
10412,1
17783,1
15860,1
16322,1
11595,1
7260,1
10357,1
600,1
7772,1
17359,1
15649,1
19112,1
8120,1
20273,1
16954,1
7326,1
11498,1
2980,1
5815,1
18277,1
14140,1
17341,1
889,1
11679,1
4891,1
8388,1
7481,1
14674,1
9543,1
5645,1
10644,1
5862,1
16525,1
17646,1
19943,1
19766,1
8466,1
4590,1
8643,1
2797,1
17988,1
13414,1
16264,1
9666,1
6087,1
7117,1
3152,1
11554,1
4780,1
12456,1
19029,1
20189,1
5066,1
18027,1
7775,1
20026,1
7895,1
3725,1
15253,1
15596,1
11189,1
10791,1
4057,1
5438,1
1550,1
727,1
6717,1
15497,1
17530,1
12883,1
2323,1
15336,1
8305,1
303,1
6622,1
9619,1
6057,1
3104,1
8145,1
977,1
5781,1
18887,1
1427,1
13509,1
18632,1
6750,1
11873,1
12678,1
10761,1
7082,1
16551,1
18573,1
9688,1
11575,1
5274,1
5426,1
20134,1
2664,1
14596,1
18456,1
7128,1
5234,1
16649,1
12724,1
8581,1
13553,1
13876,1
13308,1
7771,1
12701,1
9696,1
15191,1
7905,1
14737,1
7650,1
15554,1
10841,1
8154,1
8272,1
9429,1
2260,1
2267,1
3369,1
7959,1
10180,1
10676,1
8593,1
15664,1
14065,1
10382,1
15306,1
16129,1
13391,1
4525,1
7073,1
20233,1
2038,1
18115,1
16050,1
19953,1
15903,1
11398,1
1114,1
14383,1
4876,1
942,1
7456,1
2654,1
16427,1
17916,1
15476,1
41,1
16691,1
10640,1
2381,1
9439,1
5520,1
7253,1
3483,1
18918,1
1012,1
1277,1
16092,1
16898,1
10056,1
13874,1
4414,1
15602,1
7969,1
5280,1
7251,1
12945,1
17529,1
8608,1
6815,1
8317,1
8572,1
18956,1
12148,1
9232,1
5647,1
4779,1
18919,1
15764,1
559,1
3567,1
11090,1
12256,1
3030,1
19181,1
7200,1
14353,1
2087,1
7867,1
7093,1
9099,1
8335,1
4990,1
17726,1
5001,1
2075,1
10051,1
8741,1
7115,1
1573,1
7098,1
7749,1
3946,1
13675,1
5448,1
14782,1
13918,1
8976,1
17589,1
590,1
3901,1
14310,1
4659,1
14549,1
18955,1
5957,1
17844,1
16948,1
11870,1
2806,1
2074,1
16962,1
19438,1
11607,1
9711,1
249,1
16833,1
12780,1
12015,1
14829,1
7172,1
18959,1
5289,1
6168,1
14100,1
14568,1
2523,1
13397,1
10088,1
2239,1
822,1
555,1
19089,1
1425,1
14111,1
8800,1
18351,1
17167,1
4928,1
20021,1
10585,1
17935,1
8257,1
93,1
12469,1
888,1
11483,1
18381,1
15580,1
7044,1
18209,1
6222,1
12282,1
4035,1
18851,1
14034,1
15058,1
8833,1
15537,1
655,1
11005,1
11820,1
4655,1
1572,1
5638,1
16574,1
16002,1
15459,1
11414,1
5844,1
16399,1
16030,1
17120,1
468,1
7212,1
5231,1
18911,1
987,1
7738,1
9652,1
16964,1
601,1
5893,1
12274,1
9224,1
5858,1
18138,1
3978,1
18983,1
3544,1
5335,1
18853,1
5207,1
6869,1
17228,1
8503,1
11625,1
19984,1
490,1
4574,1
15692,1
5395,1
6419,1
17823,1
2897,1
18170,1
12270,1
16275,1
15636,1
14905,1
16804,1
17755,1
7870,1
16135,1
8812,1
5948,1
7144,1
7790,1
7123,1
6910,1
17999,1
6880,1
15969,1
225,1
6316,1
11300,1
9072,1
11416,1
14765,1
16323,1
15113,1
3106,1
8816,1
12445,1
7014,1
15623,1
9110,1
8461,1
14869,1
10856,1
11796,1
9810,1
14520,1
3467,1
6770,1
15377,1
18314,1
3426,1
1593,1
2979,1
2670,1
15926,1
14177,1
12364,1
11689,1
14973,1
5479,1
20030,1
11045,1
13936,1
5719,1
15735,1
17794,1
11213,1
12955,1
12708,1
2562,1
10768,1
5905,1
15789,1
14039,1
2598,1
11966,1
17614,1
9637,1
7300,1
12167,1
8932,1
11713,1
2714,1
3043,1
8022,1
11298,1
7157,1
12362,1
18092,1
2616,1
11125,1
1577,1
16408,1
7065,1
4457,1
5509,1
5600,1
18460,1
2730,1
16645,1
1532,1
3112,1
1291,1
6954,1
19855,1
15543,1
12084,1
13540,1
12135,1
19599,1
15561,1
14794,1
2,1
19387,1
1225,1
13113,1
7933,1
2318,1
17952,1
7954,1
1219,1
14615,1
2455,1
14610,1
10700,1
15785,1
10214,1
11910,1
11099,1
13079,1
18554,1
5734,1
19970,1
11665,1
19511,1
18149,1
14395,1
17555,1
15950,1
8080,1
2809,1
10467,1
10667,1
9132,1
6221,1
6952,1
5393,1
8681,1
5906,1
12026,1
12268,1
11381,1
6540,1
1294,1
1739,1
19527,1
14975,1
2120,1
1496,1
8047,1
4610,1
5295,1
232,1
2481,1
17398,1
823,1
12628,1
5352,1
17074,1
18112,1
7922,1
17455,1
11853,1
13288,1
2042,1
9925,1
12721,1
6291,1
18828,1
5813,1
7327,1
16329,1
18864,1
2733,1
17360,1
15425,1
19457,1
15503,1
5543,1
18105,1
17023,1
9442,1
17358,1
4628,1
13602,1
2621,1
10105,1
15120,1
13648,1
11179,1
2139,1
777,1
14025,1
5263,1
14860,1
17828,1
16176,1
11681,1
2163,1
6610,1
1336,1
11634,1
20190,1
13913,1
2720,1
7991,1
12506,1
4488,1
18129,1
3763,1
617,1
13116,1
2095,1
3542,1
5308,1
919,1
8826,1
12533,1
10968,1
1132,1
2358,1
6825,1
8494,1
4604,1
16873,1
6051,1
17737,1
10041,1
4806,1
19340,1
9614,1
2463,1
19586,1
12346,1
14181,1
10533,1
16044,1
3716,1
13988,1
9069,1
13738,1
17824,1
10480,1
6635,1
3069,1
636,1
10831,1
7394,1
7258,1
15565,1
15443,1
16928,1
3828,1
7412,1
5604,1
10475,1
2813,1
9358,1
16617,1
19075,1
4494,1
8158,1
10837,1
12951,1
2825,1
8366,1
11672,1
3355,1
14937,1
16021,1
14314,1
914,1
103,1
4741,1
312,1
8479,1
8171,1
7719,1
3205,1
669,1
10556,1
11307,1
17495,1
1507,1
19332,1
20237,1
19365,1
3356,1
12842,1
3469,1
8463,1
11384,1
17788,1
10530,1
12544,1
3040,1
13511,1
2932,1
9146,1
16655,1
12044,1
17985,1
17213,1
15033,1
9737,1
10722,1
11651,1
11428,1
11588,1
17895,1
15286,1
7094,1
544,1
18843,1
18199,1
4182,1
4532,1
10876,1
1354,1
15492,1
3625,1
1166,1
12960,1
14103,1
672,1
1629,1
18858,1
5897,1
2388,1
5194,1
8555,1
2325,1
1736,1
3173,1
6716,1
15065,1
19734,1
10569,1
4552,1
10684,1
19253,1
14928,1
4959,1
4085,1
20187,1
8783,1
1236,1
13820,1
8233,1
13803,1
8761,1
12023,1
3788,1
1625,1
18161,1
16646,1
585,1
14363,1
19971,1
5149,1
3298,1
98,1
2225,1
3907,1
4661,1
18530,1
14585,1
19184,1
7075,1
14442,1
11054,1
1691,1
15327,1
2442,1
7424,1
15866,1
19144,1
13948,1
8449,1
8795,1
6119,1
15145,1
16819,1
2176,1
17419,1
7213,1
3938,1
6069,1
10619,1
805,1
19327,1
15080,1
4410,1
14246,1
7747,1
16844,1
7033,1
16707,1
2222,1
11779,1
5318,1
15038,1
14146,1
1037,1
16034,1
13512,1
7876,1
2459,1
6649,1
567,1
10100,1
7317,1
1420,1
12586,1
17943,1
7662,1
15106,1
11557,1
19597,1
6431,1
18354,1
3323,1
10865,1
1502,1
6145,1
18789,1
10905,1
12614,1
19274,1
2045,1
14115,1
10836,1
4761,1
13731,1
5878,1
814,1
17180,1
18961,1
19174,1
3164,1
3373,1
2677,1
12212,1
2180,1
15662,1
7477,1
17899,1
5260,1
17684,1
11177,1
8262,1
2602,1
11758,1
9010,1
5808,1
15363,1
13946,1
19904,1
8127,1
9709,1
3038,1
17311,1
1389,1
9755,1
13917,1
8777,1
18531,1
5829,1
19207,1
3471,1
7736,1
18196,1
11458,1
3663,1
1455,1
16162,1
17204,1
5226,1
16993,1
2780,1
3867,1
444,1
2048,1
9764,1
19266,1
2127,1
13253,1
2687,1
3235,1
13048,1
14168,1
19831,1
5659,1
19646,1
3803,1
19050,1
6744,1
10425,1
1850,1
14698,1
19353,1
12466,1
6589,1
11747,1
18010,1
3732,1
17269,1
8203,1
10903,1
150,1
3629,1
2637,1
1118,1
15111,1
15178,1
5738,1
1142,1
15763,1
16338,1
904,1
11692,1
12005,1
17413,1
10151,1
17145,1
7192,1
19217,1
7470,1
15203,1
11576,1
11620,1
3502,1
18167,1
6653,1
14854,1
16082,1
10614,1
13275,1
2888,1
6602,1
1832,1
2265,1
11413,1
16650,1
18560,1
2322,1
19857,1
17990,1
18542,1
9260,1
494,1
2609,1
9787,1
17510,1
8160,1
13633,1
18643,1
1087,1
1529,1
17963,1
9061,1
13389,1
4027,1
11559,1
2805,1
15054,1
12513,1
6840,1
4135,1
5389,1
18319,1
4886,1
11948,1
7618,1
6900,1
15805,1
14638,1
11465,1
14068,1
5434,1
15765,1
11396,1
7390,1
7426,1
4521,1
9933,1
2757,1
1124,1
2009,1
5999,1
18976,1
4033,1
6911,1
12192,1
6181,1
6861,1
2703,1
7941,1
6543,1
7708,1
13645,1
12645,1
1478,1
12599,1
16375,1
8899,1
12235,1
13879,1
17090,1
5285,1
13954,1
18750,1
4557,1
8440,1
15082,1
7766,1
2544,1
12604,1
8343,1
20091,1
18398,1
12374,1
10290,1
15294,1
8414,1
3278,1
19849,1
11592,1
18716,1
4219,1
19358,1
1153,1
17374,1
1192,1
1945,1
6634,1
8124,1
16158,1
2588,1
11260,1
16864,1
6902,1
19572,1
10554,1
3879,1
11004,1
457,1
15787,1
2594,1
2422,1
2657,1
9108,1
11660,1
11162,1
18140,1
18745,1
18154,1
11175,1
9506,1
12886,1
5482,1
305,1
407,1
4340,1
15888,1
20013,1
18633,1
6706,1
11365,1
18817,1
3768,1
1070,1
9723,1
900,1
9202,1
13258,1
5982,1
20102,1
4015,1
9272,1
14811,1
13704,1
18417,1
13981,1
13036,1
7974,1
15544,1
4671,1
8890,1
4041,1
17795,1
3738,1
326,1
9231,1
1381,1
13650,1
13657,1
3402,1
10939,1
19672,1
19501,1
19175,1
16699,1
9184,1
1240,1
7282,1
11026,1
3941,1
15174,1
1959,1
9149,1
10928,1
13022,1
11482,1
17285,1
18704,1
17630,1
7460,1
1246,1
20247,1
13319,1
9960,1
9644,1
1741,1
14477,1
346,1
329,1
14687,1
5887,1
10234,1
20169,1
10694,1
7342,1
4993,1
16559,1
3503,1
18382,1
13298,1
12959,1
11850,1
6516,1
7760,1
3517,1
19220,1
16038,1
6162,1
2997,1
19103,1
1977,1
18348,1
5725,1
18109,1
7535,1
8228,1
531,1
6752,1
1949,1
8720,1
5266,1
18520,1
11515,1
16505,1
10450,1
19584,1
14988,1
20268,1
6805,1
901,1
19020,1
17117,1
3126,1
19272,1
10506,1
9728,1
5838,1
17832,1
20024,1
15726,1
1364,1
19337,1
18840,1
9189,1
6346,1
17950,1
1269,1
15919,1
8372,1
19622,1
4254,1
10929,1
17323,1
16104,1
18131,1
11220,1
14789,1
13271,1
2240,1
11661,1
10803,1
11600,1
8657,1
2826,1
6960,1
4440,1
12099,1
4763,1
5622,1
12010,1
17558,1
6399,1
8012,1
15942,1
3103,1
3191,1
4760,1
14119,1
17226,1
15345,1
1253,1
18299,1
10643,1
20065,1
798,1
20149,1
13147,1
5203,1
14536,1
5116,1
5702,1
5168,1
8422,1
2965,1
15788,1
5360,1
5561,1
12962,1
8919,1
10712,1
15830,1
15641,1
16514,1
8281,1
1454,1
10377,1
16437,1
13405,1
7706,1
9457,1
11154,1
88,1
4752,1
17537,1
8618,1
4614,1
3198,1
13283,1
7534,1
10421,1
17977,1
10637,1
6126,1
4543,1
9529,1
5620,1
7640,1
10322,1
4909,1
15704,1
435,1
19498,1
15334,1
10598,1
19886,1
13225,1
11303,1
10499,1
12868,1
8289,1
8438,1
4824,1
7160,1
182,1
9073,1
12122,1
3011,1
18559,1
3585,1
18647,1
12417,1
2894,1
19776,1
1331,1
8016,1
9957,1
10260,1
19041,1
13447,1
6303,1
19565,1
15064,1
4415,1
8635,1
11962,1
8383,1
13940,1
2098,1
8883,1
19897,1
7029,1
2834,1
4334,1
4250,1
11994,1
16365,1
6015,1
16284,1
1,1
1025,1
17466,1
12912,1
17513,1
9490,1
8048,1
12924,1
9532,1
18331,1
9639,1
14570,1
1603,1
19664,1
19881,1
2745,1
8118,1
2829,1
2880,1
3282,1
10649,1
8284,1
11907,1
12437,1
10810,1
15296,1
6631,1
17390,1
15083,1
18664,1
367,1
5973,1
4718,1
1897,1
2400,1
5094,1
7827,1
839,1
5586,1
10500,1
15658,1
17687,1
3003,1
8310,1
12496,1
12882,1
17486,1
6054,1
3571,1
19960,1
12306,1
13222,1
4341,1
15820,1
14029,1
5875,1
12523,1
7370,1
5406,1
5,1
1986,1
13977,1
15521,1
4942,1
16988,1
13497,1
4481,1
3591,1
5881,1
2142,1
4286,1
19742,1
8192,1
17313,1
5529,1
13508,1
10179,1
871,1
12252,1
17046,1
16573,1
10986,1
1048,1
18372,1
2975,1
2171,1
18662,1
11335,1
15084,1
18962,1
3390,1
15947,1
15585,1
11777,1
12814,1
8207,1
8036,1
5011,1
6104,1
19892,1
19728,1
5454,1
14894,1
16849,1
12982,1
2175,1
1882,1
1733,1
5583,1
8453,1
8573,1
16950,1
16626,1
7097,1
10858,1
3129,1
14947,1
15941,1
18330,1
12856,1
707,1
10192,1
17585,1
12935,1
19397,1
18098,1
11420,1
5445,1
3898,1
15390,1
6195,1
9243,1
10177,1
16106,1
14590,1
7454,1
19554,1
16672,1
15978,1
19480,1
4539,1
18645,1
1509,1
11228,1
13316,1
10754,1
16266,1
1095,1
15272,1
1613,1
14368,1
15020,1
3023,1
13210,1
3200,1
18808,1
3906,1
18759,1
10823,1
5951,1
13055,1
7489,1
11696,1
15217,1
12874,1
1511,1
19623,1
2710,1
1795,1
9414,1
8431,1
963,1
5325,1
1690,1
6198,1
3289,1
17207,1
8509,1
9906,1
484,1
11663,1
10009,1
1656,1
17003,1
12990,1
1492,1
4998,1
8752,1
18058,1
19824,1
9266,1
1950,1
12852,1
16313,1
15332,1
11896,1
15924,1
4150,1
3915,1
18597,1
9589,1
9909,1
6227,1
18253,1
15872,1
10146,1
9282,1
5321,1
4790,1
8925,1
12385,1
13260,1
1649,1
6467,1
8356,1
14339,1
750,1
3674,1
2533,1
11371,1
6559,1
11698,1
1669,1
17080,1
15027,1
7610,1
18822,1
17426,1
3696,1
18073,1
12514,1
18917,1
1812,1
4242,1
19322,1
18119,1
20274,1
7050,1
14433,1
15734,1
18369,1
18268,1
4621,1
4187,1
3773,1
18099,1
19733,1
9040,1
7617,1
17434,1
17468,1
7166,1
3866,1
14062,1
14471,1
17267,1
14178,1
205,1
7245,1
18924,1
19213,1
18501,1
5946,1
17229,1
16220,1
11123,1
19927,1
16637,1
4043,1
12301,1
9812,1
8926,1
12392,1
3336,1
13674,1
14207,1
14200,1
3808,1
13597,1
12665,1
810,1
14746,1
11060,1
5859,1
13921,1
12582,1
8675,1
9208,1
11903,1
6601,1
1809,1
16191,1
15209,1
4102,1
16035,1
2855,1
15488,1
10462,1
15873,1
3891,1
12178,1
16677,1
4674,1
5750,1
3215,1
16088,1
5103,1
17834,1
16125,1
10181,1
3848,1
20235,1
6374,1
11126,1
2945,1
1900,1
17679,1
18172,1
10442,1
10580,1
8413,1
16457,1
5733,1
12916,1
625,1
12111,1
17605,1
18012,1
17717,1
10370,1
15804,1
16037,1
4562,1
528,1
13933,1
20043,1
7611,1
18966,1
3086,1
502,1
1292,1
13804,1
15029,1
5693,1
10129,1
12236,1
7671,1
11887,1
8055,1
11867,1
1565,1
148,1
12264,1
10934,1
11578,1
2331,1
13488,1
6286,1
5137,1
17087,1
2089,1
15880,1
17209,1
13806,1
3480,1
6619,1
5597,1
17072,1
5139,1
11986,1
2330,1
16472,1
8908,1
2285,1
13293,1
2372,1
1940,1
18533,1
1251,1
8332,1
7926,1
6944,1
18787,1
574,1
13467,1
3156,1
7554,1
19803,1
4771,1
1047,1
1939,1
11258,1
1054,1
19215,1
5244,1
11705,1
11804,1
2861,1
11808,1
12398,1
9180,1
17417,1
12189,1
7835,1
4698,1
3271,1
6188,1
12199,1
16361,1
16114,1
18568,1
5380,1
1203,1
16069,1
583,1
14421,1
19093,1
1352,1
2005,1
20172,1
14439,1
6927,1
16575,1
12032,1
2788,1
14304,1
1510,1
6094,1
2168,1
18816,1
16846,1
13124,1
8164,1
695,1
19085,1
15402,1
19219,1
7203,1
9979,1
4934,1
9654,1
11160,1
14583,1
818,1
3277,1
4563,1
10908,1
7047,1
7281,1
17030,1
10656,1
3902,1
16861,1
13963,1
2541,1
18773,1
19160,1
15131,1
3984,1
19304,1
6538,1
16602,1
18563,1
11020,1
15246,1
7782,1
3022,1
6401,1
9590,1
432,1
12575,1
5145,1
19430,1
2354,1
3465,1
698,1
20212,1
3697,1
2769,1
17947,1
3374,1
570,1
11437,1
5984,1
8290,1
15722,1
2150,1
10416,1
19668,1
19553,1
17271,1
8384,1
17254,1
2750,1
3367,1
17415,1
14349,1
7099,1
3989,1
5323,1
2193,1
13142,1
19276,1
5712,1
552,1
8378,1
1482,1
3134,1
4213,1
5602,1
1578,1
630,1
18889,1
12086,1
1746,1
9446,1
10798,1
15234,1
859,1
12577,1
14328,1
8299,1
438,1
8749,1
2852,1
8009,1
5607,1
2847,1
20059,1
12596,1
1738,1
7149,1
19403,1
7402,1
12727,1
2584,1
13748,1
14095,1
15808,1
14739,1
19189,1
8307,1
5503,1
17461,1
6040,1
16240,1
11167,1
12871,1
11077,1
10520,1
5210,1
10202,1
6414,1
8506,1
1926,1
14511,1
19628,1
19708,1
19934,1
6423,1
2115,1
11776,1
20265,1
8871,1
15307,1
12620,1
10600,1
11133,1
9992,1
6409,1
614,1
2482,1
12250,1
452,1
16903,1
5172,1
17591,1
1161,1
4969,1
7648,1
19424,1
7474,1
7872,1
6493,1
2872,1
7311,1
18044,1
13749,1
14876,1
14489,1
998,1
396,1
14941,1
14169,1
16581,1
1303,1
19081,1
7875,1
1970,1
4595,1
575,1
4493,1
6367,1
335,1
390,1
5898,1
4834,1
11670,1
4361,1
9145,1
14219,1
5081,1
15237,1
18610,1
2086,1
15429,1
18429,1
1284,1
10247,1
3765,1
10726,1
8403,1
3811,1
10961,1
1734,1
4703,1
17933,1
5030,1
18892,1
9828,1
8173,1
12450,1
18802,1
6077,1
7882,1
14038,1
16871,1
2608,1
8232,1
6529,1
17904,1
10783,1
19066,1
12266,1
2449,1
5941,1
1608,1
19490,1
16285,1
15939,1
17497,1
8083,1
18881,1
1913,1
15796,1
17047,1
12719,1
18156,1
5107,1
7183,1
6444,1
8537,1
8492,1
6674,1
10443,1
2747,1
15461,1
3963,1
1326,1
6174,1
15956,1
11240,1
15635,1
8607,1
1232,1
5354,1
15515,1
1338,1
14609,1
1781,1
14656,1
13115,1
13045,1
19537,1
5433,1
83,1
7307,1
15891,1
18282,1
18994,1
2567,1
6975,1
13406,1
6648,1
7979,1
2716,1
2605,1
9019,1
15582,1
3151,1
2070,1
12281,1
4690,1
14037,1
6215,1
9566,1
3253,1
15104,1
7966,1
5950,1
9827,1
5907,1
15141,1
8564,1
5598,1
8278,1
725,1
12804,1
403,1
14922,1
16138,1
13595,1
1032,1
9523,1
19398,1
10681,1
8623,1
3520,1
5987,1
4787,1
8968,1
7232,1
9487,1
12314,1
4198,1
271,1
307,1
17692,1
19918,1
5816,1
3281,1
16367,1
15715,1
3774,1
136,1
14806,1
17432,1
4162,1
508,1
11970,1
12885,1
4400,1
6233,1
10885,1
19286,1
12035,1
10688,1
15019,1
10067,1
16273,1
12356,1
17068,1
18053,1
4809,1
17250,1
11723,1
5511,1
11709,1
12718,1
16422,1
6740,1
7382,1
6802,1
809,1
613,1
15959,1
8821,1
4078,1
7710,1
15451,1
7839,1
18265,1
867,1
4484,1
13532,1
9701,1
12897,1
14232,1
17875,1
4053,1
18946,1
16161,1
5312,1
4999,1
17483,1
8323,1
11216,1
16562,1
1778,1
11893,1
18269,1
2916,1
7548,1
2927,1
5589,1
12789,1
5934,1
19012,1
18003,1
4083,1
17403,1
11266,1
11837,1
9391,1
73,1
9345,1
1701,1
1650,1
8600,1
13739,1
1916,1
8490,1
1579,1
907,1
3392,1
3961,1
16786,1
2811,1
17635,1
4756,1
4408,1
220,1
18000,1
19247,1
13176,1
17631,1
3108,1
14926,1
2223,1
2777,1
3211,1
7571,1
4670,1
11773,1
3384,1
15737,1
15371,1
11454,1
10901,1
13086,1
15343,1
3935,1
6939,1
8760,1
13426,1
16417,1
19070,1
2838,1
18234,1
2020,1
11997,1
2383,1
16640,1
8792,1
6259,1
18893,1
6445,1
5796,1
2836,1
12572,1
3221,1
1469,1
16523,1
2292,1
16064,1
8329,1
19074,1
16172,1
2019,1
10913,1
3628,1
20230,1
6209,1
17627,1
15108,1
3641,1
17016,1
4881,1
14453,1
17161,1
12430,1
8180,1
4580,1
3491,1
11791,1
16056,1
6182,1
14277,1
1183,1
13133,1
8077,1
12736,1
18940,1
4545,1
10057,1
18367,1
9700,1
15465,1
2707,1
4253,1
16831,1
11925,1
17857,1
6790,1
4145,1
6502,1
13975,1
1873,1
12845,1
7560,1
9355,1
13174,1
2111,1
19239,1
495,1
9972,1
19021,1
19357,1
13066,1
19593,1
17645,1
11566,1
10990,1
17408,1
4165,1
14508,1
7164,1
18978,1
5911,1
8845,1
15114,1
19408,1
2404,1
9559,1
9488,1
5413,1
3000,1
1234,1
13991,1
7880,1
13912,1
9287,1
18230,1
13741,1
581,1
18973,1
19523,1
18630,1
5320,1
14229,1
961,1
12934,1
1104,1
15378,1
19682,1
20128,1
19073,1
8363,1
6109,1
3155,1
7010,1
765,1
4453,1
17126,1
10218,1
4508,1
2379,1
7940,1
19090,1
13324,1
4004,1
19801,1
8999,1
1447,1
7912,1
6684,1
7331,1
13688,1
5333,1
19709,1
2475,1
11879,1
3333,1
12378,1
8732,1
7486,1
19798,1
11236,1
11960,1
417,1
3549,1
19888,1
1383,1
14096,1
1562,1
15144,1
10999,1
12308,1
17968,1
20165,1
9994,1
14550,1
15998,1
967,1
19299,1
14248,1
12208,1
3019,1
5089,1
165,1
15687,1
2890,1
12641,1
12387,1
10488,1
11565,1
17142,1
4754,1
9263,1
4608,1
7778,1
3015,1
11232,1
964,1
10542,1
2450,1
9732,1
16045,1
3085,1
15961,1
612,1
11013,1
12465,1
6517,1
13111,1
1056,1
17009,1
2798,1
10594,1
14786,1
1419,1
14577,1
10661,1
14784,1
1534,1
6074,1
13838,1
18065,1
1444,1
20271,1
2248,1
509,1
1754,1
1767,1
16196,1
8855,1
13398,1
1042,1
9338,1
17642,1
9893,1
4357,1
8846,1
17877,1
9245,1
11327,1
7,1
10127,1
10335,1
2642,1
13496,1
14597,1
8457,1
1919,1
19767,1
2581,1
115,1
3088,1
19530,1
2212,1
16885,1
19760,1
11739,1
8092,1
5478,1
7891,1
3446,1
1602,1
10237,1
18891,1
19999,1
2676,1
37,1
5304,1
4282,1
13585,1
13680,1
7208,1
18336,1
4280,1
8040,1
5697,1
5211,1
15271,1
17367,1
14844,1
8060,1
4106,1
536,1
17973,1
13409,1
19423,1
15093,1
12224,1
3541,1
17447,1
1993,1
15500,1
3673,1
1263,1
18043,1
1505,1
12064,1
6984,1
4141,1
15779,1
2876,1
16652,1
9845,1
13468,1
6486,1
3584,1
8101,1
1428,1
16918,1
3286,1
7135,1
13448,1
17816,1
8822,1
15683,1
5550,1
32,1
4981,1
164,1
9647,1
16714,1
12058,1
10408,1
3383,1
384,1
17690,1
17295,1
20108,1
2871,1
6547,1
5383,1
16994,1
15887,1
18709,1
15504,1
15608,1
10482,1
15017,1
7787,1
8462,1
19350,1
8583,1
10933,1
5051,1
6098,1
2169,1
4679,1
18998,1
1971,1
7490,1
10175,1
2810,1
17825,1
15472,1
20028,1
18609,1
4127,1
5189,1
15415,1
12765,1
172,1
7629,1
1384,1
12478,1
3868,1
12589,1
14118,1
2187,1
615,1
18990,1
19051,1
6412,1
3753,1
192,1
1997,1
3068,1
6184,1
10364,1
14956,1
6083,1
5553,1
16134,1
10445,1
15885,1
13479,1
16068,1
19291,1
3194,1
6735,1
6671,1
18502,1
16978,1
18480,1
12655,1
14567,1
12652,1
4887,1
5572,1
10024,1
16516,1
9814,1
16876,1
16440,1
7191,1
9867,1
11735,1
11082,1
3311,1
5129,1
10943,1
18247,1
7904,1
4060,1
8113,1
16385,1
5723,1
3188,1
11882,1
17500,1
13103,1
19126,1
17053,1
19437,1
543,1
4906,1
17286,1
537,1
19921,1
14284,1
9278,1
7888,1
15983,1
17682,1
15767,1
2192,1
4572,1
16770,1
1966,1
4336,1
13270,1
13165,1
4747,1
12682,1
16139,1
17833,1
2280,1
7636,1
16560,1
6262,1
11200,1
17406,1
18532,1
13578,1
7121,1
3101,1
7296,1
9057,1
7052,1
599,1
4946,1
12676,1
14014,1
16006,1
1315,1
17410,1
71,1
14886,1
11985,1
6915,1
13960,1
890,1
7580,1
1426,1
19414,1
12154,1
18081,1
17683,1
16326,1
3375,1
3460,1
8477,1
13747,1
7395,1
16578,1
2551,1
15051,1
12383,1
13886,1
4731,1
2296,1
5291,1
15100,1
13681,1
19469,1
6256,1
17116,1
3302,1
5921,1
5972,1
12619,1
2272,1
2224,1
19575,1
2698,1
16337,1
3762,1
14847,1
6488,1
19279,1
16448,1
16412,1
8204,1
18809,1
11152,1
910,1
16569,1
14097,1
2266,1
1473,1
1177,1
15496,1
17387,1
3419,1
18550,1
12075,1
10873,1
1098,1
12827,1
2114,1
1880,1
106,1
8288,1
10454,1
20148,1
6946,1
12549,1
16373,1
7637,1
13899,1
18673,1
988,1
20027,1
13841,1
5467,1
6474,1
18328,1
17439,1
4139,1
4,1
14030,1
1283,1
9485,1
9237,1
15262,1
6560,1
9626,1
8201,1
10152,1
11553,1
1362,1
11021,1
16644,1
18267,1
19611,1
14743,1
11489,1
7595,1
18334,1
10981,1
5975,1
11571,1
3533,1
7909,1
15270,1
2526,1
933,1
12219,1
1337,1
5915,1
19492,1
16716,1
231,1
16486,1
19368,1
4399,1
244,1
1737,1
7140,1
10396,1
2919,1
2055,1
2800,1
2930,1
15918,1
2242,1
19138,1
14160,1
10080,1
12240,1
4830,1
12944,1
8817,1
16914,1
3304,1
5059,1
12876,1
662,1
13419,1
12056,1
16177,1
1864,1
11922,1
10534,1
20114,1
9105,1
6511,1
2974,1
5108,1
5953,1
5344,1
19432,1
12191,1
15010,1
4485,1
14606,1
14911,1
1946,1
19965,1
3365,1
13810,1
8488,1
18038,1
9921,1
627,1
18464,1
11110,1
18595,1
12110,1
20062,1
9609,1
2049,1
6564,1
15173,1
13530,1
14322,1
20179,1
7363,1
9533,1
19703,1
4558,1
853,1
19574,1
9729,1
11542,1
11048,1
19680,1
4429,1
20115,1
6632,1
8348,1
12438,1
18163,1
19444,1
15849,1
4899,1
8374,1
2848,1
4377,1
3348,1
5400,1
10766,1
15127,1
15072,1
11337,1
188,1
906,1
19310,1
9622,1
12527,1
10137,1
746,1
7674,1
1061,1
6473,1
7963,1
11894,1
19011,1
15637,1
8068,1
557,1
9838,1
14978,1
13297,1
4509,1
17052,1
8370,1
2117,1
9942,1
15650,1
2309,1
9156,1
2521,1
9097,1
17064,1
1517,1
17034,1
12302,1
2343,1
13542,1
11134,1
18499,1
10982,1
6537,1
8300,1
5279,1
12607,1
5405,1
6311,1
4104,1
13571,1
17835,1
3908,1
15600,1
12728,1
11919,1
4171,1
17252,1
623,1
3537,1
2786,1
4510,1
14835,1
2796,1
16265,1
12699,1
1278,1
7141,1
8745,1
4511,1
11501,1
11603,1
15689,1
19129,1
13884,1
2467,1
13029,1
15435,1
18669,1
443,1
18014,1
15590,1
17316,1
12183,1
18430,1
17337,1
11718,1
4233,1
170,1
3169,1
641,1
8487,1
16667,1
13162,1
5584,1
5027,1
19908,1
16000,1
11224,1
1155,1
13817,1
5345,1
10946,1
7690,1
10592,1
14472,1
17836,1
11693,1
18278,1
18988,1
17890,1
19941,1
12909,1
2269,1
10110,1
8782,1
9907,1
8226,1
7635,1
1058,1
959,1
20058,1
2971,1
5623,1
8091,1
6055,1
2742,1
18238,1
13703,1
10822,1
4119,1
5100,1
8062,1
7262,1
17809,1
1076,1
12978,1
9125,1
2090,1
9022,1
17138,1
5544,1
15899,1
11115,1
482,1
14224,1
13189,1
9307,1
8123,1
13123,1
12613,1
9138,1
1207,1
14977,1
9340,1
13937,1
9381,1
5502,1
16613,1
5258,1
6524,1
15648,1
12019,1
17119,1
18804,1
17697,1
14389,1
589,1
16239,1
18197,1
16541,1
18721,1
16803,1
12498,1
6128,1
12156,1
18153,1
17175,1
15901,1
18271,1
10136,1
785,1
19616,1
6362,1
16420,1
9070,1
7333,1
31,1
11210,1
8347,1
19111,1
6489,1
18641,1
2368,1
10590,1
12562,1
8340,1
6344,1
6748,1
17619,1
8730,1
745,1
6623,1
13018,1
